error_type,record_id,severity
DUPLICATE_PAYMENT,LN-000298,High
DUPLICATE_PAYMENT,LN-000439,High
DUPLICATE_PAYMENT,LN-000469,High
DUPLICATE_PAYMENT,LN-000536,High
DUPLICATE_PAYMENT,LN-000590,High
DUPLICATE_PAYMENT,LN-000608,High
DUPLICATE_PAYMENT,LN-000643,High
DUPLICATE_PAYMENT,LN-000656,High
DUPLICATE_PAYMENT,LN-000704,High
DUPLICATE_PAYMENT,LN-000768,High
DUPLICATE_PAYMENT,LN-000899,High
DUPLICATE_PAYMENT,LN-001194,High
DUPLICATE_PAYMENT,LN-001266,High
DUPLICATE_PAYMENT,LN-001277,High
DUPLICATE_PAYMENT,LN-001407,High
DUPLICATE_PAYMENT,LN-001550,High
DUPLICATE_PAYMENT,LN-001577,High
DUPLICATE_PAYMENT,LN-002010,High
DUPLICATE_PAYMENT,LN-002057,High
DUPLICATE_PAYMENT,LN-002263,High
DUPLICATE_PAYMENT,LN-002298,High
DUPLICATE_PAYMENT,LN-002369,High
DUPLICATE_PAYMENT,LN-002411,High
DUPLICATE_PAYMENT,LN-002500,High
REVERSED_STILL_ACTIVE,LN-000022,High
REVERSED_STILL_ACTIVE,LN-002301,High
REVERSED_STILL_ACTIVE,LN-000748,High
REVERSED_STILL_ACTIVE,LN-001083,High
REVERSED_STILL_ACTIVE,LN-000976,High
REVERSED_STILL_ACTIVE,LN-002215,High
REVERSED_STILL_ACTIVE,LN-001479,High
REVERSED_STILL_ACTIVE,LN-001022,High
REVERSED_STILL_ACTIVE,LN-000202,High
REVERSED_STILL_ACTIVE,LN-001699,High
REVERSED_STILL_ACTIVE,LN-000871,High
REVERSED_STILL_ACTIVE,LN-001039,High
REVERSED_STILL_ACTIVE,LN-000710,High
REVERSED_STILL_ACTIVE,LN-001999,High
REVERSED_STILL_ACTIVE,LN-000642,High
REVERSED_STILL_ACTIVE,LN-000123,High
REVERSED_STILL_ACTIVE,LN-000609,High
REVERSED_STILL_ACTIVE,LN-002451,High
REVERSED_STILL_ACTIVE,LN-001535,High
REVERSED_STILL_ACTIVE,LN-001844,High
REVERSED_STILL_ACTIVE,LN-001803,High
REVERSED_STILL_ACTIVE,LN-001301,High
REVERSED_STILL_ACTIVE,LN-002486,High
REVERSED_STILL_ACTIVE,LN-000547,High
REVERSED_STILL_ACTIVE,LN-000017,High
REVERSED_STILL_ACTIVE,LN-001070,High
REVERSED_STILL_ACTIVE,LN-001061,High
REVERSED_STILL_ACTIVE,LN-000685,High
REVERSED_STILL_ACTIVE,LN-002362,High
REVERSED_STILL_ACTIVE,LN-000992,High
REVERSED_STILL_ACTIVE,LN-000269,High
REVERSED_STILL_ACTIVE,LN-000636,High
REVERSED_STILL_ACTIVE,LN-001120,High
REVERSED_STILL_ACTIVE,LN-001213,High
REVERSED_STILL_ACTIVE,LN-000581,High
REVERSED_STILL_ACTIVE,LN-001349,High
REVERSED_STILL_ACTIVE,LN-001569,High
REVERSED_STILL_ACTIVE,LN-001904,High
REVERSED_STILL_ACTIVE,LN-001066,High
REVERSED_STILL_ACTIVE,LN-000733,High
REVERSED_STILL_ACTIVE,LN-001206,High
REVERSED_STILL_ACTIVE,LN-001354,High
REVERSED_STILL_ACTIVE,LN-000668,High
REVERSED_STILL_ACTIVE,LN-000853,High
REVERSED_STILL_ACTIVE,LN-002001,High
REVERSED_STILL_ACTIVE,LN-001470,High
REVERSED_STILL_ACTIVE,LN-002143,High
REVERSED_STILL_ACTIVE,LN-000205,High
REVERSED_STILL_ACTIVE,LN-000043,High
REVERSED_STILL_ACTIVE,LN-001754,High
REVERSED_STILL_ACTIVE,LN-001837,High
REVERSED_STILL_ACTIVE,LN-002363,High
REVERSED_STILL_ACTIVE,LN-002366,High
REVERSED_STILL_ACTIVE,LN-001852,High
REVERSED_STILL_ACTIVE,LN-002137,High
REVERSED_STILL_ACTIVE,LN-002344,High
REVERSED_STILL_ACTIVE,LN-002152,High
REVERSED_STILL_ACTIVE,LN-001472,High
REVERSED_STILL_ACTIVE,LN-001693,High
REVERSED_STILL_ACTIVE,LN-002205,High
REVERSED_STILL_ACTIVE,LN-002244,High
REVERSED_STILL_ACTIVE,LN-000517,High
REVERSED_STILL_ACTIVE,LN-002095,High
REVERSED_STILL_ACTIVE,LN-001431,High
REVERSED_STILL_ACTIVE,LN-000936,High
REVERSED_STILL_ACTIVE,LN-000537,High
REVERSED_STILL_ACTIVE,LN-000955,High
REVERSED_STILL_ACTIVE,LN-001108,High
REVERSED_STILL_ACTIVE,LN-001384,High
REVERSED_STILL_ACTIVE,LN-002162,High
REVERSED_STILL_ACTIVE,LN-000778,High
REVERSED_STILL_ACTIVE,LN-001791,High
REVERSED_STILL_ACTIVE,LN-000182,High
REVERSED_STILL_ACTIVE,LN-000237,High
REVERSED_STILL_ACTIVE,LN-001701,High
REVERSED_STILL_ACTIVE,LN-001623,High
REVERSED_STILL_ACTIVE,LN-000168,High
REVERSED_STILL_ACTIVE,LN-002041,High
REVERSED_STILL_ACTIVE,LN-001846,High
REVERSED_STILL_ACTIVE,LN-000039,High
REVERSED_STILL_ACTIVE,LN-000293,High
REVERSED_STILL_ACTIVE,LN-000226,High
REVERSED_STILL_ACTIVE,LN-000160,High
REVERSED_STILL_ACTIVE,LN-001138,High
REVERSED_STILL_ACTIVE,LN-001888,High
REVERSED_STILL_ACTIVE,LN-000516,High
REVERSED_STILL_ACTIVE,LN-000591,High
REVERSED_STILL_ACTIVE,LN-000349,High
REVERSED_STILL_ACTIVE,LN-002254,High
REVERSED_STILL_ACTIVE,LN-001260,High
REVERSED_STILL_ACTIVE,LN-000584,High
REVERSED_STILL_ACTIVE,LN-001568,High
REVERSED_STILL_ACTIVE,LN-001577,High
REVERSED_STILL_ACTIVE,LN-000106,High
REVERSED_STILL_ACTIVE,LN-001329,High
REVERSED_STILL_ACTIVE,LN-000635,High
REVERSED_STILL_ACTIVE,LN-000014,High
REVERSED_STILL_ACTIVE,LN-000971,High
REVERSED_STILL_ACTIVE,LN-000662,High
REVERSED_STILL_ACTIVE,LN-000903,High
REVERSED_STILL_ACTIVE,LN-000460,High
REVERSED_STILL_ACTIVE,LN-000862,High
REVERSED_STILL_ACTIVE,LN-001656,High
REVERSED_STILL_ACTIVE,LN-000620,High
REVERSED_STILL_ACTIVE,LN-000969,High
REVERSED_STILL_ACTIVE,LN-001317,High
REVERSED_STILL_ACTIVE,LN-000282,High
REVERSED_STILL_ACTIVE,LN-000490,High
REVERSED_STILL_ACTIVE,LN-000276,High
REVERSED_STILL_ACTIVE,LN-002150,High
REVERSED_STILL_ACTIVE,LN-000891,High
REVERSED_STILL_ACTIVE,LN-002447,High
REVERSED_STILL_ACTIVE,LN-000483,High
REVERSED_STILL_ACTIVE,LN-001547,High
REVERSED_STILL_ACTIVE,LN-001466,High
REVERSED_STILL_ACTIVE,LN-002002,High
REVERSED_STILL_ACTIVE,LN-000457,High
REVERSED_STILL_ACTIVE,LN-000124,High
REVERSED_STILL_ACTIVE,LN-000105,High
REVERSED_STILL_ACTIVE,LN-001675,High
REVERSED_STILL_ACTIVE,LN-001883,High
REVERSED_STILL_ACTIVE,LN-000496,High
REVERSED_STILL_ACTIVE,LN-000077,High
REVERSED_STILL_ACTIVE,LN-000283,High
REVERSED_STILL_ACTIVE,LN-000487,High
REVERSED_STILL_ACTIVE,LN-000613,High
REVERSED_STILL_ACTIVE,LN-000499,High
REVERSED_STILL_ACTIVE,LN-001262,High
REVERSED_STILL_ACTIVE,LN-000773,High
REVERSED_STILL_ACTIVE,LN-001346,High
REVERSED_STILL_ACTIVE,LN-001451,High
REVERSED_STILL_ACTIVE,LN-000359,High
REVERSED_STILL_ACTIVE,LN-000741,High
REVERSED_STILL_ACTIVE,LN-000479,High
NON_BUSINESS_DAY,LN-000002,Low
NON_BUSINESS_DAY,LN-000004,Low
NON_BUSINESS_DAY,LN-000006,Low
NON_BUSINESS_DAY,LN-000007,Low
NON_BUSINESS_DAY,LN-000009,Low
NON_BUSINESS_DAY,LN-000010,Low
NON_BUSINESS_DAY,LN-000012,Low
NON_BUSINESS_DAY,LN-000015,Low
NON_BUSINESS_DAY,LN-000017,Low
NON_BUSINESS_DAY,LN-000018,Low
NON_BUSINESS_DAY,LN-000020,Low
NON_BUSINESS_DAY,LN-000022,Low
NON_BUSINESS_DAY,LN-000024,Low
NON_BUSINESS_DAY,LN-000028,Low
NON_BUSINESS_DAY,LN-000030,Low
NON_BUSINESS_DAY,LN-000031,Low
NON_BUSINESS_DAY,LN-000032,Low
NON_BUSINESS_DAY,LN-000034,Low
NON_BUSINESS_DAY,LN-000035,Low
NON_BUSINESS_DAY,LN-000037,Low
NON_BUSINESS_DAY,LN-000039,Low
NON_BUSINESS_DAY,LN-000041,Low
NON_BUSINESS_DAY,LN-000044,Low
NON_BUSINESS_DAY,LN-000045,Low
NON_BUSINESS_DAY,LN-000046,Low
NON_BUSINESS_DAY,LN-000047,Low
NON_BUSINESS_DAY,LN-000049,Low
NON_BUSINESS_DAY,LN-000050,Low
NON_BUSINESS_DAY,LN-000051,Low
NON_BUSINESS_DAY,LN-000052,Low
NON_BUSINESS_DAY,LN-000055,Low
NON_BUSINESS_DAY,LN-000056,Low
NON_BUSINESS_DAY,LN-000058,Low
NON_BUSINESS_DAY,LN-000060,Low
NON_BUSINESS_DAY,LN-000061,Low
NON_BUSINESS_DAY,LN-000063,Low
NON_BUSINESS_DAY,LN-000065,Low
NON_BUSINESS_DAY,LN-000067,Low
NON_BUSINESS_DAY,LN-000068,Low
NON_BUSINESS_DAY,LN-000069,Low
NON_BUSINESS_DAY,LN-000073,Low
NON_BUSINESS_DAY,LN-000074,Low
NON_BUSINESS_DAY,LN-000075,Low
NON_BUSINESS_DAY,LN-000077,Low
NON_BUSINESS_DAY,LN-000080,Low
NON_BUSINESS_DAY,LN-000085,Low
NON_BUSINESS_DAY,LN-000086,Low
NON_BUSINESS_DAY,LN-000089,Low
NON_BUSINESS_DAY,LN-000090,Low
NON_BUSINESS_DAY,LN-000091,Low
NON_BUSINESS_DAY,LN-000092,Low
NON_BUSINESS_DAY,LN-000095,Low
NON_BUSINESS_DAY,LN-000096,Low
NON_BUSINESS_DAY,LN-000097,Low
NON_BUSINESS_DAY,LN-000098,Low
NON_BUSINESS_DAY,LN-000099,Low
NON_BUSINESS_DAY,LN-000101,Low
NON_BUSINESS_DAY,LN-000104,Low
NON_BUSINESS_DAY,LN-000106,Low
NON_BUSINESS_DAY,LN-000108,Low
NON_BUSINESS_DAY,LN-000109,Low
NON_BUSINESS_DAY,LN-000110,Low
NON_BUSINESS_DAY,LN-000115,Low
NON_BUSINESS_DAY,LN-000118,Low
NON_BUSINESS_DAY,LN-000119,Low
NON_BUSINESS_DAY,LN-000120,Low
NON_BUSINESS_DAY,LN-000121,Low
NON_BUSINESS_DAY,LN-000122,Low
NON_BUSINESS_DAY,LN-000123,Low
NON_BUSINESS_DAY,LN-000125,Low
NON_BUSINESS_DAY,LN-000126,Low
NON_BUSINESS_DAY,LN-000127,Low
NON_BUSINESS_DAY,LN-000129,Low
NON_BUSINESS_DAY,LN-000130,Low
NON_BUSINESS_DAY,LN-000131,Low
NON_BUSINESS_DAY,LN-000132,Low
NON_BUSINESS_DAY,LN-000135,Low
NON_BUSINESS_DAY,LN-000136,Low
NON_BUSINESS_DAY,LN-000138,Low
NON_BUSINESS_DAY,LN-000143,Low
NON_BUSINESS_DAY,LN-000146,Low
NON_BUSINESS_DAY,LN-000154,Low
NON_BUSINESS_DAY,LN-000158,Low
NON_BUSINESS_DAY,LN-000162,Low
NON_BUSINESS_DAY,LN-000163,Low
NON_BUSINESS_DAY,LN-000164,Low
NON_BUSINESS_DAY,LN-000166,Low
NON_BUSINESS_DAY,LN-000167,Low
NON_BUSINESS_DAY,LN-000172,Low
NON_BUSINESS_DAY,LN-000175,Low
NON_BUSINESS_DAY,LN-000180,Low
NON_BUSINESS_DAY,LN-000185,Low
NON_BUSINESS_DAY,LN-000189,Low
NON_BUSINESS_DAY,LN-000193,Low
NON_BUSINESS_DAY,LN-000195,Low
NON_BUSINESS_DAY,LN-000197,Low
NON_BUSINESS_DAY,LN-000199,Low
NON_BUSINESS_DAY,LN-000201,Low
NON_BUSINESS_DAY,LN-000202,Low
NON_BUSINESS_DAY,LN-000205,Low
NON_BUSINESS_DAY,LN-000212,Low
NON_BUSINESS_DAY,LN-000213,Low
NON_BUSINESS_DAY,LN-000216,Low
NON_BUSINESS_DAY,LN-000218,Low
NON_BUSINESS_DAY,LN-000220,Low
NON_BUSINESS_DAY,LN-000225,Low
NON_BUSINESS_DAY,LN-000228,Low
NON_BUSINESS_DAY,LN-000229,Low
NON_BUSINESS_DAY,LN-000231,Low
NON_BUSINESS_DAY,LN-000233,Low
NON_BUSINESS_DAY,LN-000238,Low
NON_BUSINESS_DAY,LN-000239,Low
NON_BUSINESS_DAY,LN-000248,Low
NON_BUSINESS_DAY,LN-000249,Low
NON_BUSINESS_DAY,LN-000256,Low
NON_BUSINESS_DAY,LN-000257,Low
NON_BUSINESS_DAY,LN-000261,Low
NON_BUSINESS_DAY,LN-000262,Low
NON_BUSINESS_DAY,LN-000264,Low
NON_BUSINESS_DAY,LN-000266,Low
NON_BUSINESS_DAY,LN-000267,Low
NON_BUSINESS_DAY,LN-000272,Low
NON_BUSINESS_DAY,LN-000273,Low
NON_BUSINESS_DAY,LN-000275,Low
NON_BUSINESS_DAY,LN-000277,Low
NON_BUSINESS_DAY,LN-000282,Low
NON_BUSINESS_DAY,LN-000285,Low
NON_BUSINESS_DAY,LN-000286,Low
NON_BUSINESS_DAY,LN-000290,Low
NON_BUSINESS_DAY,LN-000293,Low
NON_BUSINESS_DAY,LN-000296,Low
NON_BUSINESS_DAY,LN-000300,Low
NON_BUSINESS_DAY,LN-000302,Low
NON_BUSINESS_DAY,LN-000305,Low
NON_BUSINESS_DAY,LN-000310,Low
NON_BUSINESS_DAY,LN-000315,Low
NON_BUSINESS_DAY,LN-000316,Low
NON_BUSINESS_DAY,LN-000321,Low
NON_BUSINESS_DAY,LN-000325,Low
NON_BUSINESS_DAY,LN-000328,Low
NON_BUSINESS_DAY,LN-000329,Low
NON_BUSINESS_DAY,LN-000332,Low
NON_BUSINESS_DAY,LN-000336,Low
NON_BUSINESS_DAY,LN-000340,Low
NON_BUSINESS_DAY,LN-000347,Low
NON_BUSINESS_DAY,LN-000350,Low
NON_BUSINESS_DAY,LN-000351,Low
NON_BUSINESS_DAY,LN-000352,Low
NON_BUSINESS_DAY,LN-000360,Low
NON_BUSINESS_DAY,LN-000361,Low
NON_BUSINESS_DAY,LN-000364,Low
NON_BUSINESS_DAY,LN-000369,Low
NON_BUSINESS_DAY,LN-000374,Low
NON_BUSINESS_DAY,LN-000378,Low
NON_BUSINESS_DAY,LN-000380,Low
NON_BUSINESS_DAY,LN-000383,Low
NON_BUSINESS_DAY,LN-000386,Low
NON_BUSINESS_DAY,LN-000404,Low
NON_BUSINESS_DAY,LN-000406,Low
NON_BUSINESS_DAY,LN-000408,Low
NON_BUSINESS_DAY,LN-000418,Low
NON_BUSINESS_DAY,LN-000419,Low
NON_BUSINESS_DAY,LN-000420,Low
NON_BUSINESS_DAY,LN-000421,Low
NON_BUSINESS_DAY,LN-000424,Low
NON_BUSINESS_DAY,LN-000429,Low
NON_BUSINESS_DAY,LN-000430,Low
NON_BUSINESS_DAY,LN-000432,Low
NON_BUSINESS_DAY,LN-000438,Low
NON_BUSINESS_DAY,LN-000444,Low
NON_BUSINESS_DAY,LN-000448,Low
NON_BUSINESS_DAY,LN-000451,Low
NON_BUSINESS_DAY,LN-000462,Low
NON_BUSINESS_DAY,LN-000464,Low
NON_BUSINESS_DAY,LN-000465,Low
NON_BUSINESS_DAY,LN-000466,Low
NON_BUSINESS_DAY,LN-000468,Low
NON_BUSINESS_DAY,LN-000476,Low
NON_BUSINESS_DAY,LN-000484,Low
NON_BUSINESS_DAY,LN-000485,Low
NON_BUSINESS_DAY,LN-000486,Low
NON_BUSINESS_DAY,LN-000487,Low
NON_BUSINESS_DAY,LN-000489,Low
NON_BUSINESS_DAY,LN-000493,Low
NON_BUSINESS_DAY,LN-000494,Low
NON_BUSINESS_DAY,LN-000496,Low
NON_BUSINESS_DAY,LN-000497,Low
NON_BUSINESS_DAY,LN-000498,Low
NON_BUSINESS_DAY,LN-000500,Low
NON_BUSINESS_DAY,LN-000501,Low
NON_BUSINESS_DAY,LN-000508,Low
NON_BUSINESS_DAY,LN-000511,Low
NON_BUSINESS_DAY,LN-000514,Low
NON_BUSINESS_DAY,LN-000515,Low
NON_BUSINESS_DAY,LN-000518,Low
NON_BUSINESS_DAY,LN-000521,Low
NON_BUSINESS_DAY,LN-000522,Low
NON_BUSINESS_DAY,LN-000524,Low
NON_BUSINESS_DAY,LN-000525,Low
NON_BUSINESS_DAY,LN-000529,Low
NON_BUSINESS_DAY,LN-000531,Low
NON_BUSINESS_DAY,LN-000535,Low
NON_BUSINESS_DAY,LN-000537,Low
NON_BUSINESS_DAY,LN-000547,Low
NON_BUSINESS_DAY,LN-000553,Low
NON_BUSINESS_DAY,LN-000555,Low
NON_BUSINESS_DAY,LN-000557,Low
NON_BUSINESS_DAY,LN-000558,Low
NON_BUSINESS_DAY,LN-000559,Low
NON_BUSINESS_DAY,LN-000564,Low
NON_BUSINESS_DAY,LN-000567,Low
NON_BUSINESS_DAY,LN-000575,Low
NON_BUSINESS_DAY,LN-000576,Low
NON_BUSINESS_DAY,LN-000584,Low
NON_BUSINESS_DAY,LN-000585,Low
NON_BUSINESS_DAY,LN-000597,Low
NON_BUSINESS_DAY,LN-000598,Low
NON_BUSINESS_DAY,LN-000599,Low
NON_BUSINESS_DAY,LN-000600,Low
NON_BUSINESS_DAY,LN-000602,Low
NON_BUSINESS_DAY,LN-000603,Low
NON_BUSINESS_DAY,LN-000604,Low
NON_BUSINESS_DAY,LN-000611,Low
NON_BUSINESS_DAY,LN-000612,Low
NON_BUSINESS_DAY,LN-000618,Low
NON_BUSINESS_DAY,LN-000619,Low
NON_BUSINESS_DAY,LN-000628,Low
NON_BUSINESS_DAY,LN-000632,Low
NON_BUSINESS_DAY,LN-000633,Low
NON_BUSINESS_DAY,LN-000639,Low
NON_BUSINESS_DAY,LN-000641,Low
NON_BUSINESS_DAY,LN-000642,Low
NON_BUSINESS_DAY,LN-000646,Low
NON_BUSINESS_DAY,LN-000647,Low
NON_BUSINESS_DAY,LN-000650,Low
NON_BUSINESS_DAY,LN-000656,Low
NON_BUSINESS_DAY,LN-000657,Low
NON_BUSINESS_DAY,LN-000659,Low
NON_BUSINESS_DAY,LN-000661,Low
NON_BUSINESS_DAY,LN-000665,Low
NON_BUSINESS_DAY,LN-000667,Low
NON_BUSINESS_DAY,LN-000669,Low
NON_BUSINESS_DAY,LN-000670,Low
NON_BUSINESS_DAY,LN-000672,Low
NON_BUSINESS_DAY,LN-000678,Low
NON_BUSINESS_DAY,LN-000688,Low
NON_BUSINESS_DAY,LN-000689,Low
NON_BUSINESS_DAY,LN-000691,Low
NON_BUSINESS_DAY,LN-000695,Low
NON_BUSINESS_DAY,LN-000701,Low
NON_BUSINESS_DAY,LN-000702,Low
NON_BUSINESS_DAY,LN-000705,Low
NON_BUSINESS_DAY,LN-000709,Low
NON_BUSINESS_DAY,LN-000712,Low
NON_BUSINESS_DAY,LN-000713,Low
NON_BUSINESS_DAY,LN-000719,Low
NON_BUSINESS_DAY,LN-000723,Low
NON_BUSINESS_DAY,LN-000738,Low
NON_BUSINESS_DAY,LN-000741,Low
NON_BUSINESS_DAY,LN-000742,Low
NON_BUSINESS_DAY,LN-000746,Low
NON_BUSINESS_DAY,LN-000748,Low
NON_BUSINESS_DAY,LN-000752,Low
NON_BUSINESS_DAY,LN-000753,Low
NON_BUSINESS_DAY,LN-000754,Low
NON_BUSINESS_DAY,LN-000755,Low
NON_BUSINESS_DAY,LN-000758,Low
NON_BUSINESS_DAY,LN-000759,Low
NON_BUSINESS_DAY,LN-000760,Low
NON_BUSINESS_DAY,LN-000768,Low
NON_BUSINESS_DAY,LN-000771,Low
NON_BUSINESS_DAY,LN-000780,Low
NON_BUSINESS_DAY,LN-000781,Low
NON_BUSINESS_DAY,LN-000785,Low
NON_BUSINESS_DAY,LN-000789,Low
NON_BUSINESS_DAY,LN-000790,Low
NON_BUSINESS_DAY,LN-000791,Low
NON_BUSINESS_DAY,LN-000792,Low
NON_BUSINESS_DAY,LN-000804,Low
NON_BUSINESS_DAY,LN-000807,Low
NON_BUSINESS_DAY,LN-000810,Low
NON_BUSINESS_DAY,LN-000813,Low
NON_BUSINESS_DAY,LN-000829,Low
NON_BUSINESS_DAY,LN-000830,Low
NON_BUSINESS_DAY,LN-000841,Low
NON_BUSINESS_DAY,LN-000846,Low
NON_BUSINESS_DAY,LN-000854,Low
NON_BUSINESS_DAY,LN-000855,Low
NON_BUSINESS_DAY,LN-000858,Low
NON_BUSINESS_DAY,LN-000861,Low
NON_BUSINESS_DAY,LN-000872,Low
NON_BUSINESS_DAY,LN-000873,Low
NON_BUSINESS_DAY,LN-000874,Low
NON_BUSINESS_DAY,LN-000875,Low
NON_BUSINESS_DAY,LN-000878,Low
NON_BUSINESS_DAY,LN-000884,Low
NON_BUSINESS_DAY,LN-000885,Low
NON_BUSINESS_DAY,LN-000887,Low
NON_BUSINESS_DAY,LN-000890,Low
NON_BUSINESS_DAY,LN-000893,Low
NON_BUSINESS_DAY,LN-000894,Low
NON_BUSINESS_DAY,LN-000899,Low
NON_BUSINESS_DAY,LN-000903,Low
NON_BUSINESS_DAY,LN-000904,Low
NON_BUSINESS_DAY,LN-000905,Low
NON_BUSINESS_DAY,LN-000907,Low
NON_BUSINESS_DAY,LN-000908,Low
NON_BUSINESS_DAY,LN-000909,Low
NON_BUSINESS_DAY,LN-000914,Low
NON_BUSINESS_DAY,LN-000915,Low
NON_BUSINESS_DAY,LN-000923,Low
NON_BUSINESS_DAY,LN-000924,Low
NON_BUSINESS_DAY,LN-000935,Low
NON_BUSINESS_DAY,LN-000936,Low
NON_BUSINESS_DAY,LN-000937,Low
NON_BUSINESS_DAY,LN-000939,Low
NON_BUSINESS_DAY,LN-000941,Low
NON_BUSINESS_DAY,LN-000942,Low
NON_BUSINESS_DAY,LN-000943,Low
NON_BUSINESS_DAY,LN-000944,Low
NON_BUSINESS_DAY,LN-000946,Low
NON_BUSINESS_DAY,LN-000948,Low
NON_BUSINESS_DAY,LN-000950,Low
NON_BUSINESS_DAY,LN-000952,Low
NON_BUSINESS_DAY,LN-000957,Low
NON_BUSINESS_DAY,LN-000964,Low
NON_BUSINESS_DAY,LN-000965,Low
NON_BUSINESS_DAY,LN-000969,Low
NON_BUSINESS_DAY,LN-000977,Low
NON_BUSINESS_DAY,LN-000986,Low
NON_BUSINESS_DAY,LN-000990,Low
NON_BUSINESS_DAY,LN-000991,Low
NON_BUSINESS_DAY,LN-000992,Low
NON_BUSINESS_DAY,LN-000993,Low
NON_BUSINESS_DAY,LN-000996,Low
NON_BUSINESS_DAY,LN-000997,Low
NON_BUSINESS_DAY,LN-000999,Low
NON_BUSINESS_DAY,LN-001006,Low
NON_BUSINESS_DAY,LN-001007,Low
NON_BUSINESS_DAY,LN-001009,Low
NON_BUSINESS_DAY,LN-001013,Low
NON_BUSINESS_DAY,LN-001014,Low
NON_BUSINESS_DAY,LN-001015,Low
NON_BUSINESS_DAY,LN-001016,Low
NON_BUSINESS_DAY,LN-001018,Low
NON_BUSINESS_DAY,LN-001019,Low
NON_BUSINESS_DAY,LN-001024,Low
NON_BUSINESS_DAY,LN-001025,Low
NON_BUSINESS_DAY,LN-001031,Low
NON_BUSINESS_DAY,LN-001037,Low
NON_BUSINESS_DAY,LN-001040,Low
NON_BUSINESS_DAY,LN-001042,Low
NON_BUSINESS_DAY,LN-001050,Low
NON_BUSINESS_DAY,LN-001059,Low
NON_BUSINESS_DAY,LN-001061,Low
NON_BUSINESS_DAY,LN-001064,Low
NON_BUSINESS_DAY,LN-001065,Low
NON_BUSINESS_DAY,LN-001067,Low
NON_BUSINESS_DAY,LN-001068,Low
NON_BUSINESS_DAY,LN-001071,Low
NON_BUSINESS_DAY,LN-001073,Low
NON_BUSINESS_DAY,LN-001075,Low
NON_BUSINESS_DAY,LN-001081,Low
NON_BUSINESS_DAY,LN-001082,Low
NON_BUSINESS_DAY,LN-001085,Low
NON_BUSINESS_DAY,LN-001087,Low
NON_BUSINESS_DAY,LN-001097,Low
NON_BUSINESS_DAY,LN-001099,Low
NON_BUSINESS_DAY,LN-001100,Low
NON_BUSINESS_DAY,LN-001101,Low
NON_BUSINESS_DAY,LN-001104,Low
NON_BUSINESS_DAY,LN-001105,Low
NON_BUSINESS_DAY,LN-001112,Low
NON_BUSINESS_DAY,LN-001121,Low
NON_BUSINESS_DAY,LN-001124,Low
NON_BUSINESS_DAY,LN-001127,Low
NON_BUSINESS_DAY,LN-001129,Low
NON_BUSINESS_DAY,LN-001134,Low
NON_BUSINESS_DAY,LN-001137,Low
NON_BUSINESS_DAY,LN-001139,Low
NON_BUSINESS_DAY,LN-001140,Low
NON_BUSINESS_DAY,LN-001141,Low
NON_BUSINESS_DAY,LN-001143,Low
NON_BUSINESS_DAY,LN-001145,Low
NON_BUSINESS_DAY,LN-001150,Low
NON_BUSINESS_DAY,LN-001156,Low
NON_BUSINESS_DAY,LN-001157,Low
NON_BUSINESS_DAY,LN-001163,Low
NON_BUSINESS_DAY,LN-001164,Low
NON_BUSINESS_DAY,LN-001166,Low
NON_BUSINESS_DAY,LN-001167,Low
NON_BUSINESS_DAY,LN-001168,Low
NON_BUSINESS_DAY,LN-001169,Low
NON_BUSINESS_DAY,LN-001170,Low
NON_BUSINESS_DAY,LN-001171,Low
NON_BUSINESS_DAY,LN-001175,Low
NON_BUSINESS_DAY,LN-001178,Low
NON_BUSINESS_DAY,LN-001179,Low
NON_BUSINESS_DAY,LN-001181,Low
NON_BUSINESS_DAY,LN-001182,Low
NON_BUSINESS_DAY,LN-001183,Low
NON_BUSINESS_DAY,LN-001184,Low
NON_BUSINESS_DAY,LN-001186,Low
NON_BUSINESS_DAY,LN-001190,Low
NON_BUSINESS_DAY,LN-001201,Low
NON_BUSINESS_DAY,LN-001204,Low
NON_BUSINESS_DAY,LN-001206,Low
NON_BUSINESS_DAY,LN-001208,Low
NON_BUSINESS_DAY,LN-001213,Low
NON_BUSINESS_DAY,LN-001214,Low
NON_BUSINESS_DAY,LN-001215,Low
NON_BUSINESS_DAY,LN-001216,Low
NON_BUSINESS_DAY,LN-001217,Low
NON_BUSINESS_DAY,LN-001218,Low
NON_BUSINESS_DAY,LN-001222,Low
NON_BUSINESS_DAY,LN-001227,Low
NON_BUSINESS_DAY,LN-001230,Low
NON_BUSINESS_DAY,LN-001233,Low
NON_BUSINESS_DAY,LN-001235,Low
NON_BUSINESS_DAY,LN-001241,Low
NON_BUSINESS_DAY,LN-001244,Low
NON_BUSINESS_DAY,LN-001264,Low
NON_BUSINESS_DAY,LN-001265,Low
NON_BUSINESS_DAY,LN-001271,Low
NON_BUSINESS_DAY,LN-001275,Low
NON_BUSINESS_DAY,LN-001279,Low
NON_BUSINESS_DAY,LN-001281,Low
NON_BUSINESS_DAY,LN-001286,Low
NON_BUSINESS_DAY,LN-001287,Low
NON_BUSINESS_DAY,LN-001288,Low
NON_BUSINESS_DAY,LN-001290,Low
NON_BUSINESS_DAY,LN-001293,Low
NON_BUSINESS_DAY,LN-001295,Low
NON_BUSINESS_DAY,LN-001298,Low
NON_BUSINESS_DAY,LN-001300,Low
NON_BUSINESS_DAY,LN-001304,Low
NON_BUSINESS_DAY,LN-001306,Low
NON_BUSINESS_DAY,LN-001312,Low
NON_BUSINESS_DAY,LN-001314,Low
NON_BUSINESS_DAY,LN-001316,Low
NON_BUSINESS_DAY,LN-001318,Low
NON_BUSINESS_DAY,LN-001321,Low
NON_BUSINESS_DAY,LN-001329,Low
NON_BUSINESS_DAY,LN-001338,Low
NON_BUSINESS_DAY,LN-001340,Low
NON_BUSINESS_DAY,LN-001344,Low
NON_BUSINESS_DAY,LN-001346,Low
NON_BUSINESS_DAY,LN-001350,Low
NON_BUSINESS_DAY,LN-001351,Low
NON_BUSINESS_DAY,LN-001355,Low
NON_BUSINESS_DAY,LN-001357,Low
NON_BUSINESS_DAY,LN-001358,Low
NON_BUSINESS_DAY,LN-001359,Low
NON_BUSINESS_DAY,LN-001361,Low
NON_BUSINESS_DAY,LN-001362,Low
NON_BUSINESS_DAY,LN-001363,Low
NON_BUSINESS_DAY,LN-001367,Low
NON_BUSINESS_DAY,LN-001370,Low
NON_BUSINESS_DAY,LN-001371,Low
NON_BUSINESS_DAY,LN-001374,Low
NON_BUSINESS_DAY,LN-001377,Low
NON_BUSINESS_DAY,LN-001382,Low
NON_BUSINESS_DAY,LN-001383,Low
NON_BUSINESS_DAY,LN-001387,Low
NON_BUSINESS_DAY,LN-001390,Low
NON_BUSINESS_DAY,LN-001391,Low
NON_BUSINESS_DAY,LN-001393,Low
NON_BUSINESS_DAY,LN-001394,Low
NON_BUSINESS_DAY,LN-001398,Low
NON_BUSINESS_DAY,LN-001399,Low
NON_BUSINESS_DAY,LN-001400,Low
NON_BUSINESS_DAY,LN-001406,Low
NON_BUSINESS_DAY,LN-001408,Low
NON_BUSINESS_DAY,LN-001410,Low
NON_BUSINESS_DAY,LN-001415,Low
NON_BUSINESS_DAY,LN-001416,Low
NON_BUSINESS_DAY,LN-001419,Low
NON_BUSINESS_DAY,LN-001421,Low
NON_BUSINESS_DAY,LN-001422,Low
NON_BUSINESS_DAY,LN-001425,Low
NON_BUSINESS_DAY,LN-001426,Low
NON_BUSINESS_DAY,LN-001428,Low
NON_BUSINESS_DAY,LN-001429,Low
NON_BUSINESS_DAY,LN-001432,Low
NON_BUSINESS_DAY,LN-001441,Low
NON_BUSINESS_DAY,LN-001443,Low
NON_BUSINESS_DAY,LN-001445,Low
NON_BUSINESS_DAY,LN-001446,Low
NON_BUSINESS_DAY,LN-001448,Low
NON_BUSINESS_DAY,LN-001451,Low
NON_BUSINESS_DAY,LN-001452,Low
NON_BUSINESS_DAY,LN-001455,Low
NON_BUSINESS_DAY,LN-001456,Low
NON_BUSINESS_DAY,LN-001462,Low
NON_BUSINESS_DAY,LN-001463,Low
NON_BUSINESS_DAY,LN-001466,Low
NON_BUSINESS_DAY,LN-001467,Low
NON_BUSINESS_DAY,LN-001469,Low
NON_BUSINESS_DAY,LN-001471,Low
NON_BUSINESS_DAY,LN-001475,Low
NON_BUSINESS_DAY,LN-001486,Low
NON_BUSINESS_DAY,LN-001487,Low
NON_BUSINESS_DAY,LN-001488,Low
NON_BUSINESS_DAY,LN-001490,Low
NON_BUSINESS_DAY,LN-001491,Low
NON_BUSINESS_DAY,LN-001492,Low
NON_BUSINESS_DAY,LN-001493,Low
NON_BUSINESS_DAY,LN-001495,Low
NON_BUSINESS_DAY,LN-001496,Low
NON_BUSINESS_DAY,LN-001498,Low
NON_BUSINESS_DAY,LN-001500,Low
NON_BUSINESS_DAY,LN-001501,Low
NON_BUSINESS_DAY,LN-001504,Low
NON_BUSINESS_DAY,LN-001512,Low
NON_BUSINESS_DAY,LN-001513,Low
NON_BUSINESS_DAY,LN-001517,Low
NON_BUSINESS_DAY,LN-001518,Low
NON_BUSINESS_DAY,LN-001524,Low
NON_BUSINESS_DAY,LN-001526,Low
NON_BUSINESS_DAY,LN-001528,Low
NON_BUSINESS_DAY,LN-001536,Low
NON_BUSINESS_DAY,LN-001538,Low
NON_BUSINESS_DAY,LN-001540,Low
NON_BUSINESS_DAY,LN-001541,Low
NON_BUSINESS_DAY,LN-001542,Low
NON_BUSINESS_DAY,LN-001545,Low
NON_BUSINESS_DAY,LN-001550,Low
NON_BUSINESS_DAY,LN-001551,Low
NON_BUSINESS_DAY,LN-001555,Low
NON_BUSINESS_DAY,LN-001558,Low
NON_BUSINESS_DAY,LN-001559,Low
NON_BUSINESS_DAY,LN-001564,Low
NON_BUSINESS_DAY,LN-001565,Low
NON_BUSINESS_DAY,LN-001566,Low
NON_BUSINESS_DAY,LN-001567,Low
NON_BUSINESS_DAY,LN-001569,Low
NON_BUSINESS_DAY,LN-001574,Low
NON_BUSINESS_DAY,LN-001579,Low
NON_BUSINESS_DAY,LN-001580,Low
NON_BUSINESS_DAY,LN-001583,Low
NON_BUSINESS_DAY,LN-001584,Low
NON_BUSINESS_DAY,LN-001595,Low
NON_BUSINESS_DAY,LN-001599,Low
NON_BUSINESS_DAY,LN-001600,Low
NON_BUSINESS_DAY,LN-001603,Low
NON_BUSINESS_DAY,LN-001606,Low
NON_BUSINESS_DAY,LN-001607,Low
NON_BUSINESS_DAY,LN-001614,Low
NON_BUSINESS_DAY,LN-001617,Low
NON_BUSINESS_DAY,LN-001619,Low
NON_BUSINESS_DAY,LN-001620,Low
NON_BUSINESS_DAY,LN-001622,Low
NON_BUSINESS_DAY,LN-001628,Low
NON_BUSINESS_DAY,LN-001631,Low
NON_BUSINESS_DAY,LN-001636,Low
NON_BUSINESS_DAY,LN-001640,Low
NON_BUSINESS_DAY,LN-001646,Low
NON_BUSINESS_DAY,LN-001647,Low
NON_BUSINESS_DAY,LN-001649,Low
NON_BUSINESS_DAY,LN-001651,Low
NON_BUSINESS_DAY,LN-001656,Low
NON_BUSINESS_DAY,LN-001658,Low
NON_BUSINESS_DAY,LN-001668,Low
NON_BUSINESS_DAY,LN-001671,Low
NON_BUSINESS_DAY,LN-001674,Low
NON_BUSINESS_DAY,LN-001676,Low
NON_BUSINESS_DAY,LN-001678,Low
NON_BUSINESS_DAY,LN-001694,Low
NON_BUSINESS_DAY,LN-001695,Low
NON_BUSINESS_DAY,LN-001696,Low
NON_BUSINESS_DAY,LN-001702,Low
NON_BUSINESS_DAY,LN-001709,Low
NON_BUSINESS_DAY,LN-001715,Low
NON_BUSINESS_DAY,LN-001724,Low
NON_BUSINESS_DAY,LN-001731,Low
NON_BUSINESS_DAY,LN-001732,Low
NON_BUSINESS_DAY,LN-001740,Low
NON_BUSINESS_DAY,LN-001743,Low
NON_BUSINESS_DAY,LN-001745,Low
NON_BUSINESS_DAY,LN-001751,Low
NON_BUSINESS_DAY,LN-001752,Low
NON_BUSINESS_DAY,LN-001757,Low
NON_BUSINESS_DAY,LN-001759,Low
NON_BUSINESS_DAY,LN-001764,Low
NON_BUSINESS_DAY,LN-001769,Low
NON_BUSINESS_DAY,LN-001770,Low
NON_BUSINESS_DAY,LN-001771,Low
NON_BUSINESS_DAY,LN-001775,Low
NON_BUSINESS_DAY,LN-001776,Low
NON_BUSINESS_DAY,LN-001777,Low
NON_BUSINESS_DAY,LN-001778,Low
NON_BUSINESS_DAY,LN-001779,Low
NON_BUSINESS_DAY,LN-001781,Low
NON_BUSINESS_DAY,LN-001785,Low
NON_BUSINESS_DAY,LN-001787,Low
NON_BUSINESS_DAY,LN-001791,Low
NON_BUSINESS_DAY,LN-001795,Low
NON_BUSINESS_DAY,LN-001796,Low
NON_BUSINESS_DAY,LN-001800,Low
NON_BUSINESS_DAY,LN-001802,Low
NON_BUSINESS_DAY,LN-001804,Low
NON_BUSINESS_DAY,LN-001806,Low
NON_BUSINESS_DAY,LN-001809,Low
NON_BUSINESS_DAY,LN-001813,Low
NON_BUSINESS_DAY,LN-001814,Low
NON_BUSINESS_DAY,LN-001816,Low
NON_BUSINESS_DAY,LN-001819,Low
NON_BUSINESS_DAY,LN-001821,Low
NON_BUSINESS_DAY,LN-001822,Low
NON_BUSINESS_DAY,LN-001824,Low
NON_BUSINESS_DAY,LN-001828,Low
NON_BUSINESS_DAY,LN-001836,Low
NON_BUSINESS_DAY,LN-001840,Low
NON_BUSINESS_DAY,LN-001842,Low
NON_BUSINESS_DAY,LN-001844,Low
NON_BUSINESS_DAY,LN-001847,Low
NON_BUSINESS_DAY,LN-001848,Low
NON_BUSINESS_DAY,LN-001850,Low
NON_BUSINESS_DAY,LN-001854,Low
NON_BUSINESS_DAY,LN-001858,Low
NON_BUSINESS_DAY,LN-001864,Low
NON_BUSINESS_DAY,LN-001868,Low
NON_BUSINESS_DAY,LN-001869,Low
NON_BUSINESS_DAY,LN-001871,Low
NON_BUSINESS_DAY,LN-001873,Low
NON_BUSINESS_DAY,LN-001876,Low
NON_BUSINESS_DAY,LN-001877,Low
NON_BUSINESS_DAY,LN-001879,Low
NON_BUSINESS_DAY,LN-001884,Low
NON_BUSINESS_DAY,LN-001888,Low
NON_BUSINESS_DAY,LN-001890,Low
NON_BUSINESS_DAY,LN-001895,Low
NON_BUSINESS_DAY,LN-001899,Low
NON_BUSINESS_DAY,LN-001901,Low
NON_BUSINESS_DAY,LN-001905,Low
NON_BUSINESS_DAY,LN-001907,Low
NON_BUSINESS_DAY,LN-001910,Low
NON_BUSINESS_DAY,LN-001911,Low
NON_BUSINESS_DAY,LN-001912,Low
NON_BUSINESS_DAY,LN-001913,Low
NON_BUSINESS_DAY,LN-001921,Low
NON_BUSINESS_DAY,LN-001922,Low
NON_BUSINESS_DAY,LN-001926,Low
NON_BUSINESS_DAY,LN-001929,Low
NON_BUSINESS_DAY,LN-001930,Low
NON_BUSINESS_DAY,LN-001934,Low
NON_BUSINESS_DAY,LN-001939,Low
NON_BUSINESS_DAY,LN-001940,Low
NON_BUSINESS_DAY,LN-001944,Low
NON_BUSINESS_DAY,LN-001945,Low
NON_BUSINESS_DAY,LN-001948,Low
NON_BUSINESS_DAY,LN-001950,Low
NON_BUSINESS_DAY,LN-001952,Low
NON_BUSINESS_DAY,LN-001960,Low
NON_BUSINESS_DAY,LN-001964,Low
NON_BUSINESS_DAY,LN-001967,Low
NON_BUSINESS_DAY,LN-001969,Low
NON_BUSINESS_DAY,LN-001970,Low
NON_BUSINESS_DAY,LN-001974,Low
NON_BUSINESS_DAY,LN-001976,Low
NON_BUSINESS_DAY,LN-001980,Low
NON_BUSINESS_DAY,LN-001983,Low
NON_BUSINESS_DAY,LN-001985,Low
NON_BUSINESS_DAY,LN-001989,Low
NON_BUSINESS_DAY,LN-001996,Low
NON_BUSINESS_DAY,LN-002000,Low
NON_BUSINESS_DAY,LN-002001,Low
NON_BUSINESS_DAY,LN-002003,Low
NON_BUSINESS_DAY,LN-002012,Low
NON_BUSINESS_DAY,LN-002015,Low
NON_BUSINESS_DAY,LN-002016,Low
NON_BUSINESS_DAY,LN-002017,Low
NON_BUSINESS_DAY,LN-002019,Low
NON_BUSINESS_DAY,LN-002024,Low
NON_BUSINESS_DAY,LN-002028,Low
NON_BUSINESS_DAY,LN-002033,Low
NON_BUSINESS_DAY,LN-002039,Low
NON_BUSINESS_DAY,LN-002040,Low
NON_BUSINESS_DAY,LN-002045,Low
NON_BUSINESS_DAY,LN-002050,Low
NON_BUSINESS_DAY,LN-002051,Low
NON_BUSINESS_DAY,LN-002053,Low
NON_BUSINESS_DAY,LN-002055,Low
NON_BUSINESS_DAY,LN-002059,Low
NON_BUSINESS_DAY,LN-002061,Low
NON_BUSINESS_DAY,LN-002065,Low
NON_BUSINESS_DAY,LN-002067,Low
NON_BUSINESS_DAY,LN-002070,Low
NON_BUSINESS_DAY,LN-002071,Low
NON_BUSINESS_DAY,LN-002079,Low
NON_BUSINESS_DAY,LN-002081,Low
NON_BUSINESS_DAY,LN-002082,Low
NON_BUSINESS_DAY,LN-002085,Low
NON_BUSINESS_DAY,LN-002093,Low
NON_BUSINESS_DAY,LN-002096,Low
NON_BUSINESS_DAY,LN-002098,Low
NON_BUSINESS_DAY,LN-002101,Low
NON_BUSINESS_DAY,LN-002102,Low
NON_BUSINESS_DAY,LN-002103,Low
NON_BUSINESS_DAY,LN-002112,Low
NON_BUSINESS_DAY,LN-002113,Low
NON_BUSINESS_DAY,LN-002116,Low
NON_BUSINESS_DAY,LN-002117,Low
NON_BUSINESS_DAY,LN-002124,Low
NON_BUSINESS_DAY,LN-002128,Low
NON_BUSINESS_DAY,LN-002129,Low
NON_BUSINESS_DAY,LN-002130,Low
NON_BUSINESS_DAY,LN-002135,Low
NON_BUSINESS_DAY,LN-002139,Low
NON_BUSINESS_DAY,LN-002141,Low
NON_BUSINESS_DAY,LN-002143,Low
NON_BUSINESS_DAY,LN-002150,Low
NON_BUSINESS_DAY,LN-002154,Low
NON_BUSINESS_DAY,LN-002156,Low
NON_BUSINESS_DAY,LN-002158,Low
NON_BUSINESS_DAY,LN-002159,Low
NON_BUSINESS_DAY,LN-002162,Low
NON_BUSINESS_DAY,LN-002165,Low
NON_BUSINESS_DAY,LN-002166,Low
NON_BUSINESS_DAY,LN-002169,Low
NON_BUSINESS_DAY,LN-002170,Low
NON_BUSINESS_DAY,LN-002174,Low
NON_BUSINESS_DAY,LN-002177,Low
NON_BUSINESS_DAY,LN-002181,Low
NON_BUSINESS_DAY,LN-002188,Low
NON_BUSINESS_DAY,LN-002190,Low
NON_BUSINESS_DAY,LN-002191,Low
NON_BUSINESS_DAY,LN-002203,Low
NON_BUSINESS_DAY,LN-002213,Low
NON_BUSINESS_DAY,LN-002215,Low
NON_BUSINESS_DAY,LN-002218,Low
NON_BUSINESS_DAY,LN-002220,Low
NON_BUSINESS_DAY,LN-002224,Low
NON_BUSINESS_DAY,LN-002228,Low
NON_BUSINESS_DAY,LN-002230,Low
NON_BUSINESS_DAY,LN-002236,Low
NON_BUSINESS_DAY,LN-002243,Low
NON_BUSINESS_DAY,LN-002244,Low
NON_BUSINESS_DAY,LN-002246,Low
NON_BUSINESS_DAY,LN-002248,Low
NON_BUSINESS_DAY,LN-002250,Low
NON_BUSINESS_DAY,LN-002251,Low
NON_BUSINESS_DAY,LN-002255,Low
NON_BUSINESS_DAY,LN-002258,Low
NON_BUSINESS_DAY,LN-002266,Low
NON_BUSINESS_DAY,LN-002267,Low
NON_BUSINESS_DAY,LN-002268,Low
NON_BUSINESS_DAY,LN-002270,Low
NON_BUSINESS_DAY,LN-002271,Low
NON_BUSINESS_DAY,LN-002272,Low
NON_BUSINESS_DAY,LN-002285,Low
NON_BUSINESS_DAY,LN-002286,Low
NON_BUSINESS_DAY,LN-002288,Low
NON_BUSINESS_DAY,LN-002290,Low
NON_BUSINESS_DAY,LN-002292,Low
NON_BUSINESS_DAY,LN-002297,Low
NON_BUSINESS_DAY,LN-002299,Low
NON_BUSINESS_DAY,LN-002301,Low
NON_BUSINESS_DAY,LN-002303,Low
NON_BUSINESS_DAY,LN-002304,Low
NON_BUSINESS_DAY,LN-002305,Low
NON_BUSINESS_DAY,LN-002309,Low
NON_BUSINESS_DAY,LN-002313,Low
NON_BUSINESS_DAY,LN-002315,Low
NON_BUSINESS_DAY,LN-002317,Low
NON_BUSINESS_DAY,LN-002321,Low
NON_BUSINESS_DAY,LN-002323,Low
NON_BUSINESS_DAY,LN-002326,Low
NON_BUSINESS_DAY,LN-002329,Low
NON_BUSINESS_DAY,LN-002334,Low
NON_BUSINESS_DAY,LN-002335,Low
NON_BUSINESS_DAY,LN-002340,Low
NON_BUSINESS_DAY,LN-002344,Low
NON_BUSINESS_DAY,LN-002345,Low
NON_BUSINESS_DAY,LN-002347,Low
NON_BUSINESS_DAY,LN-002349,Low
NON_BUSINESS_DAY,LN-002353,Low
NON_BUSINESS_DAY,LN-002357,Low
NON_BUSINESS_DAY,LN-002358,Low
NON_BUSINESS_DAY,LN-002359,Low
NON_BUSINESS_DAY,LN-002361,Low
NON_BUSINESS_DAY,LN-002362,Low
NON_BUSINESS_DAY,LN-002363,Low
NON_BUSINESS_DAY,LN-002365,Low
NON_BUSINESS_DAY,LN-002368,Low
NON_BUSINESS_DAY,LN-002374,Low
NON_BUSINESS_DAY,LN-002390,Low
NON_BUSINESS_DAY,LN-002393,Low
NON_BUSINESS_DAY,LN-002396,Low
NON_BUSINESS_DAY,LN-002409,Low
NON_BUSINESS_DAY,LN-002410,Low
NON_BUSINESS_DAY,LN-002413,Low
NON_BUSINESS_DAY,LN-002415,Low
NON_BUSINESS_DAY,LN-002418,Low
NON_BUSINESS_DAY,LN-002425,Low
NON_BUSINESS_DAY,LN-002429,Low
NON_BUSINESS_DAY,LN-002433,Low
NON_BUSINESS_DAY,LN-002434,Low
NON_BUSINESS_DAY,LN-002440,Low
NON_BUSINESS_DAY,LN-002441,Low
NON_BUSINESS_DAY,LN-002446,Low
NON_BUSINESS_DAY,LN-002448,Low
NON_BUSINESS_DAY,LN-002454,Low
NON_BUSINESS_DAY,LN-002458,Low
NON_BUSINESS_DAY,LN-002459,Low
NON_BUSINESS_DAY,LN-002463,Low
NON_BUSINESS_DAY,LN-002466,Low
NON_BUSINESS_DAY,LN-002468,Low
NON_BUSINESS_DAY,LN-002469,Low
NON_BUSINESS_DAY,LN-002470,Low
NON_BUSINESS_DAY,LN-002475,Low
NON_BUSINESS_DAY,LN-002482,Low
NON_BUSINESS_DAY,LN-002486,Low
NON_BUSINESS_DAY,LN-002489,Low
NON_BUSINESS_DAY,LN-002497,Low
NON_BUSINESS_DAY,LN-002498,Low
NON_BUSINESS_DAY,LN-000656,Low
NON_BUSINESS_DAY,LN-000899,Low
NON_BUSINESS_DAY,LN-001550,Low
NON_BUSINESS_DAY,LN-000768,Low
COUPON_OUTLIER,SEC-0034,Medium
COUPON_OUTLIER,SEC-0052,Medium
COUPON_OUTLIER,SEC-0050,Medium
COUPON_OUTLIER,SEC-0057,Medium
COUPON_OUTLIER,SEC-0092,Medium
COUPON_OUTLIER,SEC-0067,Medium
COUPON_OUTLIER,SEC-0070,Medium
COUPON_OUTLIER,SEC-0018,Medium
COUPON_OUTLIER,SEC-0037,Medium
COUPON_OUTLIER,SEC-0093,Medium
COUPON_OUTLIER,SEC-0011,Medium
COUPON_OUTLIER,SEC-0012,Medium
COUPON_OUTLIER,SEC-0061,Medium
COUPON_OUTLIER,SEC-0069,Medium
COUPON_OUTLIER,SEC-0014,Medium
COUPON_OUTLIER,SEC-0028,Medium
COUPON_OUTLIER,SEC-0044,Medium
COUPON_OUTLIER,SEC-0033,Medium
COUPON_OUTLIER,SEC-0069,Medium
COUPON_OUTLIER,SEC-0089,Medium
COUPON_OUTLIER,SEC-0022,Medium
COUPON_OUTLIER,SEC-0098,Medium
COUPON_OUTLIER,SEC-0039,Medium
COUPON_OUTLIER,SEC-0048,Medium
COUPON_OUTLIER,SEC-0064,Medium
COUPON_OUTLIER,SEC-0092,Medium
COUPON_OUTLIER,SEC-0017,Medium
COUPON_OUTLIER,SEC-0057,Medium
COUPON_OUTLIER,SEC-0090,Medium
COUPON_OUTLIER,SEC-0090,Medium
STALE_PENDING,LN-000012,Medium
STALE_PENDING,LN-000015,Medium
STALE_PENDING,LN-000029,Medium
STALE_PENDING,LN-000031,Medium
STALE_PENDING,LN-000033,Medium
STALE_PENDING,LN-000037,Medium
STALE_PENDING,LN-000045,Medium
STALE_PENDING,LN-000046,Medium
STALE_PENDING,LN-000051,Medium
STALE_PENDING,LN-000054,Medium
STALE_PENDING,LN-000060,Medium
STALE_PENDING,LN-000094,Medium
STALE_PENDING,LN-000120,Medium
STALE_PENDING,LN-000128,Medium
STALE_PENDING,LN-000130,Medium
STALE_PENDING,LN-000143,Medium
STALE_PENDING,LN-000150,Medium
STALE_PENDING,LN-000152,Medium
STALE_PENDING,LN-000154,Medium
STALE_PENDING,LN-000156,Medium
STALE_PENDING,LN-000163,Medium
STALE_PENDING,LN-000169,Medium
STALE_PENDING,LN-000178,Medium
STALE_PENDING,LN-000183,Medium
STALE_PENDING,LN-000185,Medium
STALE_PENDING,LN-000201,Medium
STALE_PENDING,LN-000215,Medium
STALE_PENDING,LN-000220,Medium
STALE_PENDING,LN-000222,Medium
STALE_PENDING,LN-000250,Medium
STALE_PENDING,LN-000256,Medium
STALE_PENDING,LN-000259,Medium
STALE_PENDING,LN-000262,Medium
STALE_PENDING,LN-000263,Medium
STALE_PENDING,LN-000267,Medium
STALE_PENDING,LN-000273,Medium
STALE_PENDING,LN-000278,Medium
STALE_PENDING,LN-000280,Medium
STALE_PENDING,LN-000288,Medium
STALE_PENDING,LN-000292,Medium
STALE_PENDING,LN-000305,Medium
STALE_PENDING,LN-000309,Medium
STALE_PENDING,LN-000324,Medium
STALE_PENDING,LN-000331,Medium
STALE_PENDING,LN-000340,Medium
STALE_PENDING,LN-000344,Medium
STALE_PENDING,LN-000361,Medium
STALE_PENDING,LN-000362,Medium
STALE_PENDING,LN-000375,Medium
STALE_PENDING,LN-000377,Medium
STALE_PENDING,LN-000392,Medium
STALE_PENDING,LN-000397,Medium
STALE_PENDING,LN-000398,Medium
STALE_PENDING,LN-000400,Medium
STALE_PENDING,LN-000402,Medium
STALE_PENDING,LN-000415,Medium
STALE_PENDING,LN-000416,Medium
STALE_PENDING,LN-000422,Medium
STALE_PENDING,LN-000426,Medium
STALE_PENDING,LN-000433,Medium
STALE_PENDING,LN-000441,Medium
STALE_PENDING,LN-000444,Medium
STALE_PENDING,LN-000449,Medium
STALE_PENDING,LN-000456,Medium
STALE_PENDING,LN-000464,Medium
STALE_PENDING,LN-000465,Medium
STALE_PENDING,LN-000473,Medium
STALE_PENDING,LN-000480,Medium
STALE_PENDING,LN-000494,Medium
STALE_PENDING,LN-000507,Medium
STALE_PENDING,LN-000515,Medium
STALE_PENDING,LN-000522,Medium
STALE_PENDING,LN-000536,Medium
STALE_PENDING,LN-000538,Medium
STALE_PENDING,LN-000541,Medium
STALE_PENDING,LN-000556,Medium
STALE_PENDING,LN-000561,Medium
STALE_PENDING,LN-000564,Medium
STALE_PENDING,LN-000569,Medium
STALE_PENDING,LN-000576,Medium
STALE_PENDING,LN-000604,Medium
STALE_PENDING,LN-000625,Medium
STALE_PENDING,LN-000629,Medium
STALE_PENDING,LN-000631,Medium
STALE_PENDING,LN-000646,Medium
STALE_PENDING,LN-000647,Medium
STALE_PENDING,LN-000658,Medium
STALE_PENDING,LN-000659,Medium
STALE_PENDING,LN-000688,Medium
STALE_PENDING,LN-000691,Medium
STALE_PENDING,LN-000692,Medium
STALE_PENDING,LN-000696,Medium
STALE_PENDING,LN-000701,Medium
STALE_PENDING,LN-000705,Medium
STALE_PENDING,LN-000717,Medium
STALE_PENDING,LN-000728,Medium
STALE_PENDING,LN-000729,Medium
STALE_PENDING,LN-000734,Medium
STALE_PENDING,LN-000735,Medium
STALE_PENDING,LN-000753,Medium
STALE_PENDING,LN-000754,Medium
STALE_PENDING,LN-000762,Medium
STALE_PENDING,LN-000766,Medium
STALE_PENDING,LN-000772,Medium
STALE_PENDING,LN-000774,Medium
STALE_PENDING,LN-000786,Medium
STALE_PENDING,LN-000791,Medium
STALE_PENDING,LN-000801,Medium
STALE_PENDING,LN-000807,Medium
STALE_PENDING,LN-000809,Medium
STALE_PENDING,LN-000814,Medium
STALE_PENDING,LN-000832,Medium
STALE_PENDING,LN-000847,Medium
STALE_PENDING,LN-000850,Medium
STALE_PENDING,LN-000859,Medium
STALE_PENDING,LN-000867,Medium
STALE_PENDING,LN-000874,Medium
STALE_PENDING,LN-000887,Medium
STALE_PENDING,LN-000893,Medium
STALE_PENDING,LN-000897,Medium
STALE_PENDING,LN-000901,Medium
STALE_PENDING,LN-000904,Medium
STALE_PENDING,LN-000917,Medium
STALE_PENDING,LN-000922,Medium
STALE_PENDING,LN-000928,Medium
STALE_PENDING,LN-000933,Medium
STALE_PENDING,LN-000934,Medium
STALE_PENDING,LN-000945,Medium
STALE_PENDING,LN-000948,Medium
STALE_PENDING,LN-000960,Medium
STALE_PENDING,LN-000975,Medium
STALE_PENDING,LN-000977,Medium
STALE_PENDING,LN-000988,Medium
STALE_PENDING,LN-000991,Medium
STALE_PENDING,LN-000998,Medium
STALE_PENDING,LN-001000,Medium
STALE_PENDING,LN-001001,Medium
STALE_PENDING,LN-001015,Medium
STALE_PENDING,LN-001026,Medium
STALE_PENDING,LN-001029,Medium
STALE_PENDING,LN-001054,Medium
STALE_PENDING,LN-001057,Medium
STALE_PENDING,LN-001059,Medium
STALE_PENDING,LN-001106,Medium
STALE_PENDING,LN-001110,Medium
STALE_PENDING,LN-001114,Medium
STALE_PENDING,LN-001143,Medium
STALE_PENDING,LN-001148,Medium
STALE_PENDING,LN-001186,Medium
STALE_PENDING,LN-001221,Medium
STALE_PENDING,LN-001223,Medium
STALE_PENDING,LN-001229,Medium
STALE_PENDING,LN-001240,Medium
STALE_PENDING,LN-001245,Medium
STALE_PENDING,LN-001248,Medium
STALE_PENDING,LN-001252,Medium
STALE_PENDING,LN-001261,Medium
STALE_PENDING,LN-001269,Medium
STALE_PENDING,LN-001285,Medium
STALE_PENDING,LN-001287,Medium
STALE_PENDING,LN-001297,Medium
STALE_PENDING,LN-001299,Medium
STALE_PENDING,LN-001310,Medium
STALE_PENDING,LN-001316,Medium
STALE_PENDING,LN-001319,Medium
STALE_PENDING,LN-001342,Medium
STALE_PENDING,LN-001344,Medium
STALE_PENDING,LN-001371,Medium
STALE_PENDING,LN-001377,Medium
STALE_PENDING,LN-001380,Medium
STALE_PENDING,LN-001404,Medium
STALE_PENDING,LN-001405,Medium
STALE_PENDING,LN-001406,Medium
STALE_PENDING,LN-001413,Medium
STALE_PENDING,LN-001419,Medium
STALE_PENDING,LN-001421,Medium
STALE_PENDING,LN-001423,Medium
STALE_PENDING,LN-001436,Medium
STALE_PENDING,LN-001440,Medium
STALE_PENDING,LN-001442,Medium
STALE_PENDING,LN-001452,Medium
STALE_PENDING,LN-001458,Medium
STALE_PENDING,LN-001460,Medium
STALE_PENDING,LN-001484,Medium
STALE_PENDING,LN-001508,Medium
STALE_PENDING,LN-001509,Medium
STALE_PENDING,LN-001528,Medium
STALE_PENDING,LN-001533,Medium
STALE_PENDING,LN-001558,Medium
STALE_PENDING,LN-001576,Medium
STALE_PENDING,LN-001584,Medium
STALE_PENDING,LN-001590,Medium
STALE_PENDING,LN-001595,Medium
STALE_PENDING,LN-001597,Medium
STALE_PENDING,LN-001621,Medium
STALE_PENDING,LN-001624,Medium
STALE_PENDING,LN-001634,Medium
STALE_PENDING,LN-001636,Medium
STALE_PENDING,LN-001643,Medium
STALE_PENDING,LN-001650,Medium
STALE_PENDING,LN-001654,Medium
STALE_PENDING,LN-001658,Medium
STALE_PENDING,LN-001677,Medium
STALE_PENDING,LN-001678,Medium
STALE_PENDING,LN-001679,Medium
STALE_PENDING,LN-001681,Medium
STALE_PENDING,LN-001682,Medium
STALE_PENDING,LN-001705,Medium
STALE_PENDING,LN-001708,Medium
STALE_PENDING,LN-001711,Medium
STALE_PENDING,LN-001720,Medium
STALE_PENDING,LN-001728,Medium
STALE_PENDING,LN-001736,Medium
STALE_PENDING,LN-001737,Medium
STALE_PENDING,LN-001739,Medium
STALE_PENDING,LN-001740,Medium
STALE_PENDING,LN-001757,Medium
STALE_PENDING,LN-001761,Medium
STALE_PENDING,LN-001766,Medium
STALE_PENDING,LN-001770,Medium
STALE_PENDING,LN-001772,Medium
STALE_PENDING,LN-001773,Medium
STALE_PENDING,LN-001777,Medium
STALE_PENDING,LN-001780,Medium
STALE_PENDING,LN-001785,Medium
STALE_PENDING,LN-001788,Medium
STALE_PENDING,LN-001799,Medium
STALE_PENDING,LN-001805,Medium
STALE_PENDING,LN-001825,Medium
STALE_PENDING,LN-001840,Medium
STALE_PENDING,LN-001841,Medium
STALE_PENDING,LN-001851,Medium
STALE_PENDING,LN-001855,Medium
STALE_PENDING,LN-001860,Medium
STALE_PENDING,LN-001879,Medium
STALE_PENDING,LN-001881,Medium
STALE_PENDING,LN-001902,Medium
STALE_PENDING,LN-001905,Medium
STALE_PENDING,LN-001910,Medium
STALE_PENDING,LN-001921,Medium
STALE_PENDING,LN-001922,Medium
STALE_PENDING,LN-001941,Medium
STALE_PENDING,LN-001962,Medium
STALE_PENDING,LN-001971,Medium
STALE_PENDING,LN-001974,Medium
STALE_PENDING,LN-001983,Medium
STALE_PENDING,LN-001988,Medium
STALE_PENDING,LN-002000,Medium
STALE_PENDING,LN-002006,Medium
STALE_PENDING,LN-002010,Medium
STALE_PENDING,LN-002013,Medium
STALE_PENDING,LN-002015,Medium
STALE_PENDING,LN-002033,Medium
STALE_PENDING,LN-002036,Medium
STALE_PENDING,LN-002045,Medium
STALE_PENDING,LN-002046,Medium
STALE_PENDING,LN-002050,Medium
STALE_PENDING,LN-002051,Medium
STALE_PENDING,LN-002076,Medium
STALE_PENDING,LN-002079,Medium
STALE_PENDING,LN-002083,Medium
STALE_PENDING,LN-002085,Medium
STALE_PENDING,LN-002090,Medium
STALE_PENDING,LN-002091,Medium
STALE_PENDING,LN-002096,Medium
STALE_PENDING,LN-002097,Medium
STALE_PENDING,LN-002101,Medium
STALE_PENDING,LN-002103,Medium
STALE_PENDING,LN-002111,Medium
STALE_PENDING,LN-002116,Medium
STALE_PENDING,LN-002118,Medium
STALE_PENDING,LN-002134,Medium
STALE_PENDING,LN-002145,Medium
STALE_PENDING,LN-002149,Medium
STALE_PENDING,LN-002169,Medium
STALE_PENDING,LN-002184,Medium
STALE_PENDING,LN-002198,Medium
STALE_PENDING,LN-002200,Medium
STALE_PENDING,LN-002214,Medium
STALE_PENDING,LN-002225,Medium
STALE_PENDING,LN-002236,Medium
STALE_PENDING,LN-002241,Medium
STALE_PENDING,LN-002270,Medium
STALE_PENDING,LN-002278,Medium
STALE_PENDING,LN-002284,Medium
STALE_PENDING,LN-002288,Medium
STALE_PENDING,LN-002290,Medium
STALE_PENDING,LN-002293,Medium
STALE_PENDING,LN-002297,Medium
STALE_PENDING,LN-002309,Medium
STALE_PENDING,LN-002310,Medium
STALE_PENDING,LN-002312,Medium
STALE_PENDING,LN-002314,Medium
STALE_PENDING,LN-002318,Medium
STALE_PENDING,LN-002325,Medium
STALE_PENDING,LN-002332,Medium
STALE_PENDING,LN-002333,Medium
STALE_PENDING,LN-002337,Medium
STALE_PENDING,LN-002338,Medium
STALE_PENDING,LN-002341,Medium
STALE_PENDING,LN-002353,Medium
STALE_PENDING,LN-002360,Medium
STALE_PENDING,LN-002374,Medium
STALE_PENDING,LN-002378,Medium
STALE_PENDING,LN-002386,Medium
STALE_PENDING,LN-002387,Medium
STALE_PENDING,LN-002391,Medium
STALE_PENDING,LN-002410,Medium
STALE_PENDING,LN-002420,Medium
STALE_PENDING,LN-002432,Medium
STALE_PENDING,LN-002452,Medium
STALE_PENDING,LN-002461,Medium
STALE_PENDING,LN-002465,Medium
STALE_PENDING,LN-002466,Medium
STALE_PENDING,LN-002472,Medium
STALE_PENDING,LN-002475,Medium
STALE_PENDING,LN-002010,Medium
STALE_PENDING,LN-000536,Medium
